mc_initial,temperature,humidity,mc_final,drying_time,temp_ave,humidity_ave,mc_decay
16.5,29.6,78.0,11.0,7.0,30.8375,71.75,0.785714286
17.0,29.6,78.0,10.0,7.0,30.8375,71.75,1.0
17.0,29.6,78.0,10.5,7.0,30.8375,71.75,0.928571429
17.5,29.6,78.0,10.0,7.0,30.8375,71.75,1.071428571
17.5,29.6,78.0,10.5,7.0,30.8375,71.75,1.0
16.5,29.6,78.0,10.5,7.0,30.8375,71.75,0.857142857
18.0,29.6,78.0,10.0,7.0,30.8375,71.75,1.142857143
16.5,29.6,78.0,9.5,7.0,30.8375,71.75,1.0
17.0,30.0,78.0,11.0,7.0,31.0625,70.75,0.857142857
17.0,30.0,78.0,10.0,7.0,31.0625,70.75,1.0
18.0,30.0,78.0,10.0,7.0,31.0625,70.75,1.142857143
17.0,30.0,78.0,10.5,7.0,31.0625,70.75,0.928571429
16.5,30.0,78.0,10.5,7.0,31.0625,70.75,0.857142857
18.0,30.0,78.0,10.5,7.0,31.0625,70.75,1.071428571
17.0,30.0,78.0,12.0,7.0,31.0625,71.75,0.714285714
17.5,30.0,78.0,12.0,7.0,31.0625,71.75,0.785714286
18.0,30.0,78.0,11.5,7.0,31.0625,71.75,0.928571429
17.5,30.0,78.0,11.5,7.0,31.0625,71.75,0.857142857
16.5,30.0,78.0,11.5,7.0,31.0625,71.75,0.714285714
18.0,30.0,78.0,12.0,7.0,31.0625,71.75,0.857142857
16.5,30.0,78.0,11.0,7.0,31.0625,71.75,0.785714286
17.0,30.0,78.0,11.5,7.0,31.0625,71.75,0.785714286
17.0,30.0,78.0,10.0,7.0,31.0625,71.75,1.0
16.5,30.0,78.0,10.5,7.0,31.0625,71.75,0.857142857
18.0,31.0,75.0,12.0,6.0,31.18571429,70.85714286,1.0
17.5,31.0,75.0,12.0,6.0,31.18571429,70.85714286,0.916666667
18.5,31.0,75.0,12.0,6.0,31.18571429,70.85714286,1.083333333
18.0,31.0,75.0,12.5,6.0,31.18571429,70.85714286,0.916666667
18.5,31.0,75.0,13.0,6.0,31.18571429,70.85714286,0.916666667
18.0,31.0,75.0,13.0,6.0,31.18571429,70.85714286,0.833333333
17.0,31.0,75.0,12.0,6.0,31.18571429,70.85714286,0.833333333
17.0,31.2,75.0,12.0,6.0,31.27142857,70.85714286,0.833333333
17.5,31.2,75.0,11.5,6.0,31.27142857,70.85714286,1.0
18.5,31.2,75.0,12.0,6.0,31.27142857,70.85714286,1.083333333
18.0,31.2,75.0,12.0,6.0,31.27142857,70.85714286,1.0
17.5,31.2,75.0,12.0,6.0,31.27142857,70.85714286,0.916666667
16.5,31.2,75.0,12.0,6.0,31.27142857,70.85714286,0.75
16.0,31.2,75.0,12.0,6.0,31.27142857,70.85714286,0.666666667
18.5,31.3,70.0,12.0,5.0,31.21666667,70.16666667,1.3
17.5,31.3,70.0,12.0,5.0,31.21666667,70.16666667,1.1
17.0,31.3,70.0,12.5,5.0,31.21666667,70.16666667,0.9
17.0,31.3,70.0,12.0,5.0,31.21666667,70.16666667,1.0
16.5,31.3,70.0,12.0,5.0,31.21666667,70.16666667,0.9
16.5,31.3,70.0,12.5,5.0,31.21666667,70.16666667,0.8
17.5,31.3,70.0,11.5,5.0,31.21666667,70.16666667,1.2
18.0,31.3,70.0,12.0,5.0,31.21666667,70.16666667,1.2
16.5,31.3,70.0,10.5,5.17,31.21666667,70.16666667,1.161290323
15.5,31.3,70.0,10.5,5.17,31.21666667,70.16666667,0.967741935
15.5,31.3,70.0,11.0,5.17,31.21666667,70.16666667,0.870967742
16.5,31.3,70.0,11.0,5.17,31.21666667,70.16666667,1.064516129
16.5,31.3,70.0,10.0,5.17,31.21666667,70.16666667,1.258064516
17.0,31.3,70.0,11.0,5.17,31.21666667,70.16666667,1.161290323
17.5,31.3,70.0,11.0,5.17,31.21666667,70.16666667,1.258064516
16.0,31.3,70.0,11.5,5.17,31.21666667,70.16666667,0.870967742
16.0,31.3,70.0,11.0,5.17,31.21666667,70.16666667,0.967741935
15.5,31.3,70.0,11.5,5.17,31.21666667,70.16666667,0.774193548
15.0,31.3,70.0,11.5,5.17,31.21666667,70.16666667,0.677419355
33.0,32.0,69.0,13.0,6.0,31.68571429,60.0,3.333333333
32.0,32.0,69.0,13.0,6.0,31.68571429,60.0,3.166666667
32.5,32.0,69.0,13.5,6.0,31.68571429,60.0,3.166666667
33.5,32.0,69.0,13.0,6.0,31.68571429,60.0,3.416666667
33.5,32.0,69.0,12.0,6.0,31.68571429,60.0,3.583333333
33.0,32.0,69.0,11.0,6.0,31.68571429,60.0,3.666666667
35.0,32.0,69.0,12.5,6.0,31.68571429,60.0,3.75
35.0,32.0,69.0,13.0,6.0,31.68571429,60.0,3.666666667
32.5,32.0,69.0,13.0,6.0,31.68571429,60.0,3.25
33.5,32.0,69.0,12.5,6.0,31.68571429,60.0,3.5
32.0,32.0,67.0,14.0,6.0,32.0,61.0,3.0
33.0,32.0,67.0,13.5,6.0,32.0,61.0,3.25
32.0,32.0,67.0,13.0,6.0,32.0,61.0,3.166666667
33.5,32.0,67.0,13.0,6.0,32.0,61.0,3.416666667
30.5,32.0,67.0,12.5,6.0,32.0,61.0,3.0
30.5,32.0,67.0,13.5,6.0,32.0,61.0,2.833333333
32.5,32.0,67.0,13.0,6.0,32.0,61.0,3.25
31.5,32.0,67.0,12.0,6.0,32.0,61.0,3.25
31.0,32.0,67.0,12.0,6.0,32.0,61.0,3.166666667
31.5,32.0,67.0,13.0,6.0,32.0,61.0,3.083333333
31.0,32.0,67.0,13.0,6.0,32.0,61.0,3.0
33.0,32.0,67.0,13.0,6.0,32.0,61.0,3.333333333
32.5,32.0,67.0,12.0,6.0,32.0,61.0,3.416666667
33.5,32.0,65.0,13.0,6.58,31.6,61.71428571,3.113924051
32.5,32.0,65.0,13.0,6.58,31.6,61.71428571,2.962025316
33.5,32.0,65.0,12.5,6.58,31.6,61.71428571,3.189873418
30.5,32.0,65.0,13.0,6.58,31.6,61.71428571,2.658227848
31.5,32.0,65.0,13.0,6.58,31.6,61.71428571,2.810126582
32.0,32.0,65.0,13.0,6.58,31.6,61.71428571,2.886075949
33.0,32.0,65.0,13.0,6.58,31.6,61.71428571,3.037974684
32.0,32.0,65.0,11.5,6.58,31.6,61.71428571,3.113924051
34.0,32.0,65.0,13.5,6.58,31.6,61.71428571,3.113924051
30.5,32.0,65.0,13.5,6.58,31.6,61.71428571,2.582278481
32.5,32.5,46.0,13.0,5.8,31.27142857,57.42857143,3.362068966
35.0,32.5,46.0,13.0,5.8,31.27142857,57.42857143,3.793103448
29.0,32.5,46.0,13.5,5.8,31.27142857,57.42857143,2.672413793
33.5,32.5,46.0,13.0,5.8,31.27142857,57.42857143,3.534482759
33.0,32.5,46.0,10.5,5.8,31.27142857,57.42857143,3.879310345
31.5,32.5,46.0,13.0,5.8,31.27142857,57.42857143,3.189655172
32.5,32.5,46.0,12.5,5.8,31.27142857,57.42857143,3.448275862
32.5,32.5,46.0,12.0,5.8,31.27142857,57.42857143,3.534482759
34.0,32.5,46.0,13.0,5.8,31.27142857,57.42857143,3.620689655
30.5,32.5,46.0,13.0,5.8,31.27142857,57.42857143,3.017241379
31.0,32.5,46.0,12.5,5.8,31.27142857,57.42857143,3.189655172
33.5,34.6,47.0,12.5,6.0,31.64285714,59.85714286,3.5
34.0,34.6,47.0,14.0,6.0,31.64285714,59.85714286,3.333333333
33.0,34.6,47.0,13.5,6.0,31.64285714,59.85714286,3.25
33.0,34.6,47.0,12.0,6.0,31.64285714,59.85714286,3.5
35.0,34.6,47.0,13.0,6.0,31.64285714,59.85714286,3.666666667
34.0,34.6,47.0,12.0,6.0,31.64285714,59.85714286,3.666666667
31.5,34.6,47.0,13.0,6.0,31.64285714,59.85714286,3.083333333
33.0,34.6,47.0,12.5,6.0,31.64285714,59.85714286,3.416666667
32.5,34.6,47.0,12.5,6.0,31.64285714,59.85714286,3.333333333
32.0,34.6,47.0,13.5,6.0,31.64285714,59.85714286,3.083333333
34.0,34.6,47.0,13.0,6.0,31.64285714,59.85714286,3.5
32.5,34.6,47.0,13.0,6.0,31.64285714,59.85714286,3.25
32.0,31.0,49.0,12.0,6.48,30.74285714,59.42857143,3.084832905
32.0,31.0,49.0,13.5,6.48,30.74285714,59.42857143,2.853470437
33.0,31.0,49.0,12.0,6.48,30.74285714,59.42857143,3.23907455
32.0,31.0,49.0,13.0,6.48,30.74285714,59.42857143,2.93059126
31.0,31.0,49.0,10.5,6.48,30.74285714,59.42857143,3.161953728
31.0,31.0,49.0,11.0,6.48,30.74285714,59.42857143,3.084832905
32.5,31.0,49.0,12.0,6.48,30.74285714,59.42857143,3.161953728
35.0,31.0,49.0,11.0,6.48,30.74285714,59.42857143,3.701799486
33.0,31.0,49.0,11.0,6.48,30.74285714,59.42857143,3.393316195
32.0,31.0,49.0,12.5,6.48,30.74285714,59.42857143,3.007712082
33.5,31.0,49.0,13.0,6.48,30.74285714,59.42857143,3.161953728
31.0,31.0,49.0,12.5,6.48,30.74285714,59.42857143,2.853470437
32.5,29.7,57.0,12.0,6.35,30.48571429,57.85714286,3.228346457
32.0,29.7,57.0,12.0,6.35,30.48571429,57.85714286,3.149606299
33.0,29.7,57.0,12.5,6.35,30.48571429,57.85714286,3.228346457
33.5,29.7,57.0,13.0,6.35,30.48571429,57.85714286,3.228346457
35.0,29.7,57.0,12.0,6.35,30.48571429,57.85714286,3.622047244
33.0,29.7,57.0,11.5,6.35,30.48571429,57.85714286,3.385826772
33.0,29.7,57.0,13.5,6.35,30.48571429,57.85714286,3.070866142
34.0,29.7,57.0,12.0,6.35,30.48571429,57.85714286,3.464566929
33.5,29.7,57.0,12.0,6.35,30.48571429,57.85714286,3.385826772
35.0,29.7,57.0,11.5,6.35,30.48571429,57.85714286,3.700787402
33.0,29.7,57.0,13.0,6.35,30.48571429,57.85714286,3.149606299
32.0,31.8,58.0,12.5,6.0,31.62857143,58.85714286,3.25
33.0,31.8,58.0,13.0,6.0,31.62857143,58.85714286,3.333333333
31.0,31.8,58.0,12.5,6.0,31.62857143,58.85714286,3.083333333
31.0,31.8,58.0,13.5,6.0,31.62857143,58.85714286,2.916666667
29.0,31.8,58.0,13.0,6.0,31.62857143,58.85714286,2.666666667
30.0,31.8,58.0,11.5,6.0,31.62857143,58.85714286,3.083333333
33.0,31.8,58.0,13.5,6.0,31.62857143,58.85714286,3.25
31.5,31.8,58.0,13.0,6.0,31.62857143,58.85714286,3.083333333
29.0,31.8,58.0,13.5,6.0,31.62857143,58.85714286,2.583333333
30.0,31.8,58.0,10.0,6.0,31.62857143,58.85714286,3.333333333
28.5,31.8,58.0,12.0,6.0,31.62857143,58.85714286,2.75
30.5,31.8,58.0,12.0,6.0,31.62857143,58.85714286,3.083333333
31.0,31.8,58.0,12.0,6.0,31.62857143,58.85714286,3.166666667
30.5,31.8,58.0,13.5,6.0,31.62857143,58.85714286,2.833333333
30.5,30.7,60.0,11.0,6.0,31.72857143,59.71428571,3.25
32.5,30.7,60.0,13.5,6.0,31.72857143,59.71428571,3.166666667
33.0,30.7,60.0,14.5,6.0,31.72857143,59.71428571,3.083333333
30.5,30.7,60.0,13.5,6.0,31.72857143,59.71428571,2.833333333
33.0,30.7,60.0,12.5,6.0,31.72857143,59.71428571,3.416666667
28.0,30.7,60.0,13.5,6.0,31.72857143,59.71428571,2.416666667
32.0,30.7,60.0,13.5,6.0,31.72857143,59.71428571,3.083333333
29.0,30.7,60.0,13.5,6.0,31.72857143,59.71428571,2.583333333
30.0,30.7,60.0,14.0,6.0,31.72857143,59.71428571,2.666666667
31.5,30.7,60.0,13.5,6.0,31.72857143,59.71428571,3.0
26.5,30.7,60.0,13.5,6.0,31.72857143,59.71428571,2.166666667
31.5,30.7,60.0,14.0,6.0,31.72857143,59.71428571,2.916666667
17.5,30.2,73.0,14.0,4.4,32.48,64.2,0.795454545
18.0,30.2,73.0,13.0,4.4,32.48,64.2,1.136363636
18.0,30.2,73.0,13.5,4.4,32.48,64.2,1.022727273
17.5,30.2,73.0,13.5,4.4,32.48,64.2,0.909090909
17.5,30.2,73.0,13.0,4.4,32.48,64.2,1.022727273
18.0,30.2,73.0,14.0,4.4,32.48,64.2,0.909090909
17.0,30.2,73.0,13.0,4.4,32.48,64.2,0.909090909
16.5,30.2,73.0,13.5,4.4,32.48,64.2,0.681818182
19.0,30.2,73.0,14.0,4.4,32.48,64.2,1.136363636
18.5,30.2,73.0,13.0,4.4,32.48,64.2,1.25
16.0,30.2,73.0,13.0,4.4,32.48,64.2,0.681818182
15.5,30.5,74.0,13.0,4.42,32.92,64.4,0.566037736
17.0,30.5,74.0,14.0,4.42,32.92,64.4,0.679245283
15.5,30.5,74.0,12.0,4.42,32.92,64.4,0.79245283
17.5,30.5,74.0,13.0,4.42,32.92,64.4,1.018867925
15.0,30.5,74.0,12.0,4.42,32.92,64.4,0.679245283
15.5,30.5,74.0,12.5,4.42,32.92,64.4,0.679245283
17.0,30.5,74.0,13.5,4.42,32.92,64.4,0.79245283
18.5,30.5,74.0,13.0,4.42,32.92,64.4,1.245283019
18.0,30.5,74.0,14.0,4.42,32.92,64.4,0.905660377
18.5,30.5,74.0,13.5,4.42,32.92,64.4,1.132075472
18.0,30.5,74.0,13.5,4.42,32.92,64.4,1.018867925
17.5,30.5,74.0,14.0,4.42,32.92,64.4,0.79245283
15.5,29.1,70.0,12.5,4.45,32.2,65.6,0.674157303
16.5,29.1,70.0,13.5,4.45,32.2,65.6,0.674157303
16.0,29.1,70.0,13.5,4.45,32.2,65.6,0.561797753
14.5,29.1,70.0,13.0,4.45,32.2,65.6,0.337078652
21.5,29.1,70.0,12.5,4.45,32.2,65.6,2.02247191
15.0,29.1,70.0,12.5,4.45,32.2,65.6,0.561797753
15.0,29.1,70.0,13.0,4.45,32.2,65.6,0.449438202
15.0,29.1,70.0,12.0,4.45,32.2,65.6,0.674157303
15.5,29.1,70.0,12.0,4.45,32.2,65.6,0.786516854
16.0,29.1,70.0,12.0,4.45,32.2,65.6,0.898876404
15.0,29.5,70.0,13.5,4.0,31.36,62.4,0.375
16.0,29.5,70.0,13.0,4.0,31.36,62.4,0.75
16.5,29.5,70.0,13.5,4.0,31.36,62.4,0.75
16.0,29.5,70.0,13.5,4.0,31.36,62.4,0.625
16.0,29.5,70.0,14.0,4.0,31.36,62.4,0.5
16.5,29.5,70.0,14.0,4.0,31.36,62.4,0.625
15.0,29.5,70.0,13.0,4.0,31.36,62.4,0.5
16.0,29.5,70.0,12.5,4.0,31.36,62.4,0.875
15.5,29.5,70.0,12.5,4.0,31.36,62.4,0.75
15.5,29.5,70.0,12.0,4.0,31.36,62.4,0.875
16.5,29.5,70.0,13.0,4.28,32.54,59.8,0.817120623
16.5,29.5,70.0,12.5,4.28,32.54,59.8,0.93385214
17.0,29.5,70.0,13.0,4.28,32.54,59.8,0.93385214
17.0,29.5,70.0,12.5,4.28,32.54,59.8,1.050583658
17.0,29.5,70.0,13.5,4.28,32.54,59.8,0.817120623
16.5,29.5,70.0,13.5,4.28,32.54,59.8,0.700389105
16.0,29.5,70.0,12.0,4.28,32.54,59.8,0.93385214
16.0,29.5,70.0,13.0,4.28,32.54,59.8,0.700389105
15.5,29.5,70.0,13.0,4.28,32.54,59.8,0.583657588
15.5,29.5,70.0,12.0,4.28,32.54,59.8,0.817120623
18.0,29.5,70.0,13.5,4.28,32.54,59.8,1.050583658
15.0,29.5,70.0,13.5,4.28,32.54,59.8,0.350194553
16.0,29.5,70.0,12.0,4.18,32.48,59.4,0.956175299
15.5,29.5,70.0,13.5,4.18,32.48,59.4,0.478087649
15.5,29.5,70.0,13.0,4.18,32.48,59.4,0.597609562
15.0,29.5,70.0,13.5,4.18,32.48,59.4,0.358565737
17.0,29.5,70.0,13.0,4.18,32.48,59.4,0.956175299
16.5,29.5,70.0,13.5,4.18,32.48,59.4,0.717131474
18.0,29.5,70.0,13.5,4.18,32.48,59.4,1.075697211
16.0,29.5,70.0,13.5,4.18,32.48,59.4,0.597609562
17.0,29.5,70.0,13.5,4.18,32.48,59.4,0.836653386
17.0,29.5,70.0,14.0,4.18,32.48,59.4,0.717131474
18.0,29.5,70.0,13.0,4.18,32.48,59.4,1.195219124
17.0,29.6,69.0,14.5,3.23,32.025,64.75,0.773195876
16.5,29.6,69.0,15.0,3.23,32.025,64.75,0.463917526
17.0,29.6,69.0,14.0,3.23,32.025,64.75,0.927835052
17.5,29.6,69.0,14.0,3.23,32.025,64.75,1.082474227
17.5,29.6,69.0,14.5,3.23,32.025,64.75,0.927835052
18.0,29.6,69.0,14.0,3.23,32.025,64.75,1.237113402
18.0,29.6,69.0,13.5,3.23,32.025,64.75,1.391752577
16.5,29.6,69.0,14.5,3.23,32.025,64.75,0.618556701
16.5,29.6,69.0,13.0,3.23,32.025,64.75,1.082474227
16.0,29.6,69.0,14.0,3.23,32.025,64.75,0.618556701
17.5,29.6,69.0,13.0,3.23,32.025,64.75,1.391752577
17.0,29.6,69.0,13.5,3.25,32.025,64.75,1.076923077
17.0,29.6,69.0,15.0,3.25,32.025,64.75,0.615384615
16.5,29.6,69.0,14.0,3.25,32.025,64.75,0.769230769
17.0,29.6,69.0,14.5,3.25,32.025,64.75,0.769230769
17.0,29.6,69.0,14.0,3.25,32.025,64.75,0.923076923
16.5,29.6,69.0,13.0,3.25,32.025,64.75,1.076923077
17.0,29.6,69.0,13.0,3.25,32.025,64.75,1.230769231
17.5,29.6,69.0,13.5,3.25,32.025,64.75,1.230769231
17.0,29.6,69.0,13.5,3.17,32.85,62.75,1.105263158
17.0,29.6,69.0,15.5,3.17,32.85,62.75,0.473684211
17.0,29.6,69.0,14.0,3.17,32.85,62.75,0.947368421
17.5,29.6,69.0,14.5,3.17,32.85,62.75,0.947368421
16.5,29.6,69.0,15.0,3.17,32.85,62.75,0.473684211
17.0,29.6,69.0,14.5,3.17,32.85,62.75,0.789473684
15.5,29.6,69.0,13.0,3.17,32.85,62.75,0.789473684
17.0,29.6,69.0,15.0,3.17,32.85,62.75,0.631578947
16.5,29.6,69.0,14.5,3.17,32.85,62.75,0.631578947
16.0,29.6,69.0,12.5,3.17,32.85,62.75,1.105263158
16.5,29.6,69.0,13.0,3.17,32.85,62.75,1.105263158
15.0,31.9,67.0,14.0,3.0,33.925,61.75,0.333333333
15.0,31.9,67.0,13.5,3.0,33.925,61.75,0.5
16.0,31.9,67.0,13.5,3.0,33.925,61.75,0.833333333
14.5,31.9,67.0,14.0,3.0,33.925,61.75,0.166666667
14.5,31.9,67.0,13.0,3.0,33.925,61.75,0.5
15.0,31.9,67.0,13.0,3.0,33.925,61.75,0.666666667
17.0,31.9,67.0,13.5,3.0,33.925,61.75,1.166666667
15.5,31.9,67.0,12.5,3.0,33.925,61.75,1.0
15.5,31.9,67.0,13.5,3.0,33.925,61.75,0.666666667
16.0,31.9,67.0,14.0,3.0,33.925,61.75,0.666666667
16.5,31.9,67.0,14.0,3.0,33.925,61.75,0.833333333
15.0,31.9,67.0,13.5,2.83,32.85,63.75,0.529411765
16.0,31.9,67.0,13.5,2.83,32.85,63.75,0.882352941
16.0,31.9,67.0,13.0,2.83,32.85,63.75,1.058823529
15.0,31.9,67.0,13.0,2.83,32.85,63.75,0.705882353
15.5,31.9,67.0,13.0,2.83,32.85,63.75,0.882352941
16.5,31.9,67.0,13.0,2.83,32.85,63.75,1.235294118
17.0,31.9,67.0,13.0,2.83,32.85,63.75,1.411764706
15.0,31.9,67.0,12.5,2.83,32.85,63.75,0.882352941
15.5,31.9,67.0,13.5,2.83,32.85,63.75,0.705882353
15.5,30.6,92.0,12.0,7.0,30.0875,73.25,0.5
15.0,30.6,92.0,12.5,7.0,30.0875,73.25,0.357142857
15.0,30.6,92.0,12.0,7.0,30.0875,73.25,0.428571429
15.5,30.6,92.0,12.5,7.0,30.0875,73.25,0.428571429
15.5,30.6,92.0,12.0,7.0,30.0875,73.25,0.428571429
17.0,30.6,92.0,12.5,7.0,30.0875,73.25,0.642857143
17.0,30.6,92.0,13.0,7.0,30.0875,73.25,0.571428571
16.0,30.6,92.0,12.5,7.0,30.0875,73.25,0.5
16.5,30.6,92.0,12.5,7.0,30.0875,73.25,0.571428571
15.5,29.5,76.0,12.0,7.0,29.725,72.625,0.5
17.0,29.5,76.0,12.0,7.0,29.725,72.625,0.714285714
17.0,29.5,76.0,12.5,7.0,29.725,72.625,0.642857143
15.5,29.5,76.0,12.5,7.0,29.725,72.625,0.428571429
20.0,29.5,76.0,12.0,7.0,29.725,72.625,1.142857143
15.0,29.5,76.0,12.0,7.0,29.725,72.625,0.428571429
16.5,29.5,76.0,12.5,7.0,29.725,72.625,0.571428571
16.0,29.5,76.0,12.5,7.0,29.725,72.625,0.5
16.0,29.8,74.0,12.5,7.0,29.9,72.25,0.5
17.0,29.8,74.0,12.5,7.0,29.9,72.25,0.642857143
15.5,29.8,74.0,12.5,7.0,29.9,72.25,0.428571429
16.0,29.8,74.0,12.0,7.0,29.9,72.25,0.571428571
18.5,29.8,74.0,12.0,7.0,29.9,72.25,0.928571429
15.0,29.8,74.0,12.0,7.0,29.9,72.25,0.428571429
15.5,32.3,74.0,13.5,7.0,30.8,72.0,0.357142857
16.5,32.3,74.0,13.5,7.0,30.8,72.0,0.428571429
16.0,32.3,74.0,13.0,7.0,30.8,72.0,0.428571429
16.0,32.3,74.0,13.5,7.0,30.8,72.0,0.357142857
18.0,32.3,74.0,13.5,7.0,30.8,72.0,0.642857143
16.5,32.3,74.0,13.0,7.0,30.8,72.0,0.5
17.0,32.3,74.0,13.0,7.0,30.8,72.0,0.571428571
17.5,32.3,74.0,13.0,7.0,30.8,72.0,0.642857143
15.5,32.3,74.0,13.5,7.0,30.8,72.0,0.285714286
15.5,32.3,74.0,12.5,7.0,30.8,72.0,0.428571429
15.5,32.3,74.0,12.5,7.0,30.8,72.0,0.357142857
16.0,32.3,74.0,12.5,7.0,30.8,72.0,0.428571429
15.5,32.3,74.0,13.0,7.0,30.8,72.0,0.357142857
15.0,29.7,69.0,13.5,7.03,29.85,69.75,0.213270142
17.0,29.7,69.0,13.5,7.03,29.85,69.75,0.426540284
15.5,29.7,69.0,13.0,7.03,29.85,69.75,0.355450237
15.5,29.7,69.0,12.5,7.03,29.85,69.75,0.426540284
15.5,29.7,69.0,12.0,7.03,29.85,69.75,0.497630332
15.5,29.7,69.0,12.5,7.03,29.85,69.75,0.355450237
16.5,29.7,69.0,13.0,7.03,29.85,69.75,0.497630332
16.0,29.7,69.0,12.5,7.03,29.85,69.75,0.497630332
15.5,29.7,69.0,13.0,7.03,29.85,69.75,0.28436019
15.5,29.7,69.0,13.5,7.03,29.85,69.75,0.213270142
16.5,29.7,69.0,12.5,7.03,29.85,69.75,0.497630332
16.0,29.7,69.0,12.0,7.03,29.85,69.75,0.568720379
15.5,30.0,71.0,12.5,7.0,30.45,69.75,0.285714286
17.0,30.0,71.0,12.5,7.0,30.45,69.75,0.642857143
18.5,30.0,71.0,12.5,7.0,30.45,69.75,0.714285714
17.0,30.0,71.0,12.5,7.0,30.45,69.75,0.571428571
16.5,30.0,71.0,12.5,7.0,30.45,69.75,0.428571429
17.0,30.0,71.0,12.0,7.0,30.45,69.75,0.714285714
16.0,30.0,71.0,12.5,7.0,30.45,69.75,0.428571429
17.0,30.0,71.0,12.5,7.0,30.45,69.75,0.5
18.0,30.0,71.0,12.5,7.0,30.45,69.75,0.714285714
16.5,30.0,71.0,12.5,7.0,30.45,69.75,0.571428571
16.5,30.0,71.0,13.0,7.0,30.45,69.75,0.5
17.5,30.0,71.0,13.0,7.0,30.45,69.75,0.642857143
17.0,30.1,70.0,13.0,7.0,33.0375,69.125,0.571428571
16.5,30.1,70.0,13.5,7.0,33.0375,69.125,0.428571429
16.5,30.1,70.0,13.0,7.0,33.0375,69.125,0.5
16.0,30.1,70.0,13.5,7.0,33.0375,69.125,0.357142857
15.5,30.1,70.0,13.0,7.0,33.0375,69.125,0.357142857
15.5,30.1,70.0,12.5,7.0,33.0375,69.125,0.428571429
16.5,30.1,70.0,13.0,7.0,33.0375,69.125,0.428571429
16.0,30.1,70.0,13.0,7.0,33.0375,69.125,0.428571429
23.0,30.1,70.0,13.0,7.0,33.0375,69.125,1.428571429
16.0,30.1,70.0,13.0,7.0,33.0375,69.125,0.357142857
15.5,30.1,70.0,13.5,7.0,33.0375,69.125,0.285714286
18.0,31.2,68.0,13.0,6.63,30.38571429,71.85714286,0.753768844
16.0,31.2,68.0,13.0,6.63,30.38571429,71.85714286,0.452261307
16.0,31.2,68.0,13.5,6.63,30.38571429,71.85714286,0.376884422
15.0,31.2,68.0,13.0,6.63,30.38571429,71.85714286,0.301507538
16.5,31.2,68.0,13.0,6.63,30.38571429,71.85714286,0.527638191
15.5,31.2,68.0,13.5,6.63,30.38571429,71.85714286,0.301507538
15.5,31.2,68.0,13.0,6.63,30.38571429,71.85714286,0.376884422
17.0,31.2,68.0,13.0,6.63,30.38571429,71.85714286,0.603015075
17.5,31.2,68.0,13.5,6.63,30.38571429,71.85714286,0.603015075
16.5,31.2,64.0,13.5,6.0,30.64285714,71.42857143,0.5
17.5,31.2,64.0,13.0,6.0,30.64285714,71.42857143,0.75
17.0,31.2,64.0,14.0,6.0,30.64285714,71.42857143,0.5
15.5,31.2,64.0,12.5,6.0,30.64285714,71.42857143,0.5
18.5,31.2,64.0,13.5,6.0,30.64285714,71.42857143,0.833333333
15.5,31.2,64.0,13.5,6.0,30.64285714,71.42857143,0.333333333
16.0,31.2,64.0,13.0,6.0,30.64285714,71.42857143,0.5
17.0,31.2,64.0,13.0,6.0,30.64285714,71.42857143,0.666666667
16.0,31.2,64.0,14.0,6.0,30.64285714,71.42857143,0.333333333
15.5,31.2,64.0,14.0,6.0,30.64285714,71.42857143,0.25
16.0,31.2,64.0,13.5,6.0,30.64285714,71.42857143,0.416666667
16.5,31.1,67.0,14.0,6.0,30.27142857,70.85714286,0.416666667
16.5,31.1,67.0,13.0,6.0,30.27142857,70.85714286,0.583333333
17.0,31.1,67.0,13.5,6.0,30.27142857,70.85714286,0.583333333
16.5,31.1,67.0,13.5,6.0,30.27142857,70.85714286,0.5
17.5,31.1,67.0,12.5,6.0,30.27142857,70.85714286,0.833333333
18.0,31.1,67.0,13.0,6.0,30.27142857,70.85714286,0.833333333
17.0,31.1,67.0,13.0,6.0,30.27142857,70.85714286,0.666666667
16.0,31.1,67.0,13.5,6.0,30.27142857,70.85714286,0.416666667
17.0,31.1,67.0,12.5,6.0,30.27142857,70.85714286,0.75
15.5,31.1,67.0,13.5,6.0,30.27142857,70.85714286,0.333333333
16.0,30.5,68.0,13.5,6.0,30.14285714,70.0,0.416666667
16.0,30.5,68.0,13.0,6.0,30.14285714,70.0,0.5
16.5,30.5,68.0,14.0,6.0,30.14285714,70.0,0.416666667
17.0,30.5,68.0,13.5,6.0,30.14285714,70.0,0.583333333
19.5,30.5,68.0,13.5,6.0,30.14285714,70.0,1.0
17.5,30.5,68.0,13.5,6.0,30.14285714,70.0,0.666666667
16.5,30.5,68.0,13.0,6.0,30.14285714,70.0,0.583333333
18.0,30.5,68.0,12.5,6.0,30.14285714,70.0,0.916666667
17.0,30.5,68.0,14.0,6.0,30.14285714,70.0,0.5
16.0,30.9,70.0,13.5,6.0,29.97142857,72.14285714,0.416666667
16.5,30.9,70.0,14.0,6.0,29.97142857,72.14285714,0.416666667
17.0,30.9,70.0,13.5,6.0,29.97142857,72.14285714,0.583333333
16.5,30.9,70.0,13.5,6.0,29.97142857,72.14285714,0.5
15.0,30.9,70.0,13.5,6.0,29.97142857,72.14285714,0.25
15.5,30.9,70.0,13.5,6.0,29.97142857,72.14285714,0.333333333
15.5,30.9,70.0,12.5,6.0,29.97142857,72.14285714,0.5
18.0,29.0,73.0,12.5,6.0,30.64285714,59.14285714,0.916666667
19.5,29.0,73.0,12.0,6.0,30.64285714,59.14285714,1.25
16.0,29.0,73.0,11.5,6.0,30.64285714,59.14285714,0.75
17.0,29.0,73.0,12.0,6.0,30.64285714,59.14285714,0.833333333
16.5,29.0,73.0,12.0,6.0,30.64285714,59.14285714,0.75
19.0,29.0,73.0,12.0,6.0,30.64285714,59.14285714,1.166666667
17.0,29.0,73.0,12.5,6.0,30.64285714,59.14285714,0.75
16.0,29.0,73.0,12.0,6.0,30.64285714,59.14285714,0.666666667
17.5,29.0,73.0,12.0,6.0,30.64285714,59.14285714,0.916666667
19.0,29.0,73.0,12.5,6.0,30.64285714,59.14285714,1.083333333
18.0,28.8,73.0,12.0,6.0,31.31428571,58.57142857,1.0
18.5,28.8,73.0,12.0,6.0,31.31428571,58.57142857,1.083333333
16.5,28.8,73.0,12.5,6.0,31.31428571,58.57142857,0.666666667
17.0,28.8,73.0,12.5,6.0,31.31428571,58.57142857,0.75
16.5,28.8,73.0,12.0,6.0,31.31428571,58.57142857,0.75
16.0,28.8,73.0,12.0,6.0,31.31428571,58.57142857,0.666666667
16.0,28.8,73.0,12.5,6.0,31.31428571,58.57142857,0.583333333
17.0,28.8,73.0,12.0,6.0,31.31428571,58.57142857,0.833333333
17.5,28.8,73.0,12.5,6.0,31.31428571,58.57142857,0.833333333
19.0,28.8,73.0,12.5,6.0,31.31428571,58.57142857,1.083333333
16.0,29.8,74.0,12.0,6.0,30.57142857,61.42857143,0.666666667
15.5,29.8,74.0,12.5,6.0,30.57142857,61.42857143,0.5
15.5,29.8,74.0,12.0,6.0,30.57142857,61.42857143,0.583333333
16.0,29.8,74.0,12.5,6.0,30.57142857,61.42857143,0.583333333
16.5,29.8,74.0,12.5,6.0,30.57142857,61.42857143,0.666666667
16.5,29.8,74.0,12.0,6.0,30.57142857,61.42857143,0.75
18.0,29.8,74.0,12.0,6.0,30.57142857,61.42857143,1.0
15.5,28.7,74.0,11.5,6.37,30.28571429,62.71428571,0.628272251
15.0,28.7,74.0,12.0,6.37,30.28571429,62.71428571,0.471204188
15.0,28.7,74.0,11.5,6.37,30.28571429,62.71428571,0.54973822
16.5,28.7,74.0,10.5,6.37,30.28571429,62.71428571,0.942408377
15.5,28.7,74.0,10.5,6.37,30.28571429,62.71428571,0.785340314
16.5,28.7,74.0,10.0,6.37,30.28571429,62.71428571,1.020942408
16.0,28.7,74.0,12.0,6.37,30.28571429,62.71428571,0.628272251
16.0,28.7,74.0,12.5,6.37,30.28571429,62.71428571,0.54973822
16.0,28.7,74.0,11.0,6.37,30.28571429,62.71428571,0.785340314
16.5,28.7,74.0,12.0,6.37,30.28571429,62.71428571,0.706806283
16.5,28.7,74.0,12.5,6.37,30.28571429,62.71428571,0.628272251
16.5,28.7,74.0,11.5,6.37,30.28571429,62.71428571,0.785340314
17.0,28.5,75.0,12.5,6.0,30.41428571,61.57142857,0.75
18.0,28.5,75.0,12.0,6.0,30.41428571,61.57142857,1.0
17.5,28.5,75.0,12.5,6.0,30.41428571,61.57142857,0.833333333
17.0,28.5,75.0,12.0,6.0,30.41428571,61.57142857,0.833333333
15.5,28.5,75.0,12.0,6.0,30.41428571,61.57142857,0.583333333
15.5,28.5,75.0,11.5,6.0,30.41428571,61.57142857,0.666666667
15.5,28.5,75.0,12.5,6.0,30.41428571,61.57142857,0.5
16.5,28.5,75.0,11.0,6.0,30.41428571,61.57142857,0.916666667
15.5,28.5,75.0,11.0,6.0,30.41428571,61.57142857,0.75
15.5,28.5,75.0,10.0,6.0,30.41428571,61.57142857,0.916666667
17.0,28.8,78.0,12.5,6.0,30.31428571,62.71428571,0.75
16.0,28.8,78.0,13.0,6.0,30.31428571,62.71428571,0.5
16.0,28.8,78.0,12.0,6.0,30.31428571,62.71428571,0.666666667
16.0,28.8,78.0,12.5,6.0,30.31428571,62.71428571,0.583333333
16.5,28.8,78.0,11.0,6.0,30.31428571,62.71428571,0.916666667
16.5,28.8,78.0,11.5,6.0,30.31428571,62.71428571,0.833333333
17.0,28.8,78.0,12.0,6.0,30.31428571,62.71428571,0.833333333
17.0,28.8,78.0,11.0,6.0,30.31428571,62.71428571,1.0
18.5,28.8,78.0,11.0,6.0,30.31428571,62.71428571,1.25
18.0,28.8,78.0,12.0,6.0,30.31428571,62.71428571,1.0
17.0,28.8,78.0,10.0,6.0,30.31428571,62.71428571,1.166666667
16.5,28.8,78.0,10.5,6.0,30.31428571,62.71428571,1.0
16.5,30.0,74.0,12.0,6.0,30.8,62.42857143,0.75
16.0,30.0,74.0,12.0,6.0,30.8,62.42857143,0.666666667
16.5,30.0,74.0,11.5,6.0,30.8,62.42857143,0.833333333
16.0,30.0,74.0,11.5,6.0,30.8,62.42857143,0.75
17.0,30.0,74.0,11.5,6.0,30.8,62.42857143,0.916666667
16.5,30.1,74.0,11.5,5.866666667,31.01428571,62.28571429,0.852272727
16.5,30.1,74.0,12.0,5.866666667,31.01428571,62.28571429,0.767045455
17.5,30.1,74.0,12.0,5.866666667,31.01428571,62.28571429,0.9375
15.5,30.1,74.0,12.0,5.866666667,31.01428571,62.28571429,0.596590909
16.0,30.1,74.0,11.5,5.866666667,31.01428571,62.28571429,0.767045455
17.0,30.1,74.0,12.0,5.866666667,31.01428571,62.28571429,0.852272727
17.0,30.1,74.0,11.5,5.866666667,31.01428571,62.28571429,0.9375
18.0,30.1,74.0,12.0,5.866666667,31.01428571,62.28571429,1.022727273
18.5,30.1,74.0,11.5,5.866666667,31.01428571,62.28571429,1.193181818
16.5,30.1,72.0,12.0,6.0,31.12857143,62.85714286,0.75
16.5,30.1,72.0,11.5,6.0,31.12857143,62.85714286,0.833333333
18.0,30.1,72.0,12.5,6.0,31.12857143,62.85714286,0.916666667
17.0,30.1,72.0,11.5,6.0,31.12857143,62.85714286,0.916666667
17.0,30.1,72.0,12.5,6.0,31.12857143,62.85714286,0.75
16.0,30.1,72.0,11.5,6.0,31.12857143,62.85714286,0.75
16.0,30.1,72.0,12.5,6.0,31.12857143,62.85714286,0.583333333
17.0,30.1,72.0,12.0,6.0,31.12857143,62.85714286,0.833333333
16.0,30.1,72.0,12.0,6.0,31.12857143,62.85714286,0.666666667
16.0,30.0,73.0,12.0,5.666666667,31.17142857,62.14285714,0.705882353
15.5,30.0,73.0,12.5,5.666666667,31.17142857,62.14285714,0.529411765
16.5,30.0,73.0,13.0,5.666666667,31.17142857,62.14285714,0.617647059
17.0,30.0,73.0,12.0,5.666666667,31.17142857,62.14285714,0.882352941
17.0,30.0,73.0,12.5,5.666666667,31.17142857,62.14285714,0.794117647
18.5,30.0,73.0,13.0,5.666666667,31.17142857,62.14285714,0.970588235
17.0,30.0,73.0,13.0,5.666666667,31.17142857,62.14285714,0.705882353
16.5,30.0,73.0,12.5,5.666666667,31.17142857,62.14285714,0.705882353
16.5,30.0,73.0,12.0,5.666666667,31.17142857,62.14285714,0.794117647
17.0,30.7,73.0,13.0,5.65,31.25714286,60.85714286,0.707964602
16.5,30.7,73.0,13.0,5.65,31.25714286,60.85714286,0.619469027
16.5,30.7,73.0,13.5,5.65,31.25714286,60.85714286,0.530973451
16.5,30.7,73.0,12.5,5.65,31.25714286,60.85714286,0.707964602
17.5,30.7,73.0,12.5,5.65,31.25714286,60.85714286,0.884955752
17.5,30.7,73.0,13.0,5.65,31.25714286,60.85714286,0.796460177
18.0,30.7,73.0,13.0,5.65,31.25714286,60.85714286,0.884955752
18.0,30.7,73.0,12.0,5.65,31.25714286,60.85714286,1.061946903
17.0,30.7,73.0,12.5,5.65,31.25714286,60.85714286,0.796460177
16.5,30.7,73.0,12.0,5.65,31.25714286,60.85714286,0.796460177
16.0,30.7,73.0,12.0,5.65,31.25714286,60.85714286,0.707964602
17.0,30.3,70.0,12.0,5.483333333,30.8,60.85714286,0.911854103
18.5,30.3,70.0,12.5,5.483333333,30.8,60.85714286,1.094224924
15.0,30.3,70.0,12.5,5.483333333,30.8,60.85714286,0.455927052
16.5,30.3,70.0,12.0,5.483333333,30.8,60.85714286,0.820668693
16.0,30.3,70.0,12.5,5.483333333,30.8,60.85714286,0.638297872
17.0,30.3,70.0,11.5,5.483333333,30.8,60.85714286,1.003039514
